{"cameraMode":{"drawMode":0,"name":"Shaded","section":"Shading Mode"},"sceneLighting":false,"audioPlay":false,"sceneViewState":{"showFog":true,"showMaterialUpdate":false,"showSkybox":false,"showFlares":true,"showImageEffects":true,"showParticleSystems":true,"showVisualEffectGraphs":true,"m_FxEnabled":true},"in2DMode":false,"pivot":{"x":-0.2206665426492691,"y":0.15146958827972413,"z":0.00016820960445329547},"rotation":{"x":0.02118654176592827,"y":0.9686778783798218,"z":-0.08888222277164459,"w":0.23090052604675294},"size":2.243107557296753,"orthographic":false}