{"cameraMode":{"drawMode":0,"name":"Shaded","section":"Shading Mode"},"sceneLighting":true,"audioPlay":false,"sceneViewState":{"showFog":true,"showMaterialUpdate":false,"showSkybox":true,"showFlares":true,"showImageEffects":true,"showParticleSystems":true,"showVisualEffectGraphs":true,"m_FxEnabled":true},"in2DMode":false,"pivot":{"x":0.847737193107605,"y":0.9112409949302673,"z":-7.674002647399902},"rotation":{"x":0.0486263781785965,"y":0.02982139214873314,"z":-0.0014517070958390833,"w":0.9983746409416199},"size":12.541841506958008,"orthographic":false}